"Dataset","Configuration","Replicate","InitialTemperature","CoolingRate","MaxIterations","TotalShifts","FilledShifts","FilledPercentage","ExecutionTimeMs","TotalPenaltyScore"
"small","baseline","1","1000","0.95","1000","50","50","100","297","0"
"small","baseline","2","1000","0.95","1000","50","50","100","117","0"
"small","baseline","3","1000","0.95","1000","50","50","100","118","0"
"small","baseline","4","1000","0.95","1000","50","50","100","192","0"
"small","baseline","5","1000","0.95","1000","50","50","100","158","0"
"small","baseline","6","1000","0.95","1000","50","50","100","123","0"
"small","baseline","7","1000","0.95","1000","50","50","100","134","0"
"small","baseline","8","1000","0.95","1000","50","50","100","131","0"
"small","baseline","9","1000","0.95","1000","50","50","100","202","0"
"small","baseline","10","1000","0.95","1000","50","50","100","159","0"
"small","baseline","11","1000","0.95","1000","50","50","100","122","0"
"small","baseline","12","1000","0.95","1000","50","50","100","128","0"
"small","baseline","13","1000","0.95","1000","50","50","100","192","0"
"small","baseline","14","1000","0.95","1000","50","50","100","191","0"
"small","baseline","15","1000","0.95","1000","50","50","100","164","0"
"small","baseline","16","1000","0.95","1000","50","50","100","114","0"
"small","baseline","17","1000","0.95","1000","50","50","100","216","0"
"small","baseline","18","1000","0.95","1000","50","50","100","193","0"
"small","baseline","19","1000","0.95","1000","50","50","100","76","0"
"small","baseline","20","1000","0.95","1000","50","50","100","60","0"
"small","baseline","21","1000","0.95","1000","50","50","100","106","0"
"small","baseline","22","1000","0.95","1000","50","50","100","88","0"
"small","baseline","23","1000","0.95","1000","50","50","100","126","0"
"small","baseline","24","1000","0.95","1000","50","50","100","210","0"
"small","baseline","25","1000","0.95","1000","50","50","100","63","0"
"small","baseline","26","1000","0.95","1000","50","50","100","72","0"
"small","baseline","27","1000","0.95","1000","50","50","100","116","0"
"small","baseline","28","1000","0.95","1000","50","50","100","69","0"
"small","baseline","29","1000","0.95","1000","50","50","100","57","0"
"small","baseline","30","1000","0.95","1000","50","50","100","104","0"
"small","low-temperature","1","100","0.95","1000","50","50","100","115","0"
"small","low-temperature","2","100","0.95","1000","50","50","100","88","0"
"small","low-temperature","3","100","0.95","1000","50","50","100","113","0"
"small","low-temperature","4","100","0.95","1000","50","50","100","61","0"
"small","low-temperature","5","100","0.95","1000","50","50","100","71","0"
"small","low-temperature","6","100","0.95","1000","50","50","100","99","0"
"small","low-temperature","7","100","0.95","1000","50","50","100","109","0"
"small","low-temperature","8","100","0.95","1000","50","50","100","76","0"
"small","low-temperature","9","100","0.95","1000","50","50","100","141","0"
"small","low-temperature","10","100","0.95","1000","50","50","100","79","0"
"small","low-temperature","11","100","0.95","1000","50","50","100","79","0"
"small","low-temperature","12","100","0.95","1000","50","50","100","249","0"
"small","low-temperature","13","100","0.95","1000","50","50","100","187","0"
"small","low-temperature","14","100","0.95","1000","50","50","100","98","0"
"small","low-temperature","15","100","0.95","1000","50","50","100","49","0"
"small","low-temperature","16","100","0.95","1000","50","50","100","156","0"
"small","low-temperature","17","100","0.95","1000","50","50","100","143","0"
"small","low-temperature","18","100","0.95","1000","50","50","100","135","0"
"small","low-temperature","19","100","0.95","1000","50","50","100","129","0"
"small","low-temperature","20","100","0.95","1000","50","50","100","96","0"
"small","low-temperature","21","100","0.95","1000","50","50","100","69","0"
"small","low-temperature","22","100","0.95","1000","50","50","100","170","0"
"small","low-temperature","23","100","0.95","1000","50","50","100","77","0"
"small","low-temperature","24","100","0.95","1000","50","50","100","171","0"
"small","low-temperature","25","100","0.95","1000","50","50","100","114","0"
"small","low-temperature","26","100","0.95","1000","50","50","100","149","0"
"small","low-temperature","27","100","0.95","1000","50","50","100","81","0"
"small","low-temperature","28","100","0.95","1000","50","50","100","60","0"
"small","low-temperature","29","100","0.95","1000","50","50","100","146","0"
"small","low-temperature","30","100","0.95","1000","50","50","100","78","0"
"small","fast-cooling","1","1000","0.8","1000","50","50","100","116","0"
"small","fast-cooling","2","1000","0.8","1000","50","50","100","117","0"
"small","fast-cooling","3","1000","0.8","1000","50","50","100","80","0"
"small","fast-cooling","4","1000","0.8","1000","50","50","100","212","0"
"small","fast-cooling","5","1000","0.8","1000","50","50","100","191","0"
"small","fast-cooling","6","1000","0.8","1000","50","50","100","87","0"
"small","fast-cooling","7","1000","0.8","1000","50","50","100","127","0"
"small","fast-cooling","8","1000","0.8","1000","50","50","100","161","0"
"small","fast-cooling","9","1000","0.8","1000","50","50","100","89","0"
"small","fast-cooling","10","1000","0.8","1000","50","50","100","165","0"
"small","fast-cooling","11","1000","0.8","1000","50","50","100","85","0"
"small","fast-cooling","12","1000","0.8","1000","50","50","100","112","0"
"small","fast-cooling","13","1000","0.8","1000","50","50","100","125","0"
"small","fast-cooling","14","1000","0.8","1000","50","50","100","83","0"
"small","fast-cooling","15","1000","0.8","1000","50","50","100","176","0"
"small","fast-cooling","16","1000","0.8","1000","50","50","100","92","0"
"small","fast-cooling","17","1000","0.8","1000","50","50","100","79","0"
"small","fast-cooling","18","1000","0.8","1000","50","50","100","151","0"
"small","fast-cooling","19","1000","0.8","1000","50","50","100","145","0"
"small","fast-cooling","20","1000","0.8","1000","50","50","100","199","0"
"small","fast-cooling","21","1000","0.8","1000","50","50","100","112","0"
"small","fast-cooling","22","1000","0.8","1000","50","50","100","97","0"
"small","fast-cooling","23","1000","0.8","1000","50","50","100","129","0"
"small","fast-cooling","24","1000","0.8","1000","50","50","100","108","0"
"small","fast-cooling","25","1000","0.8","1000","50","50","100","117","0"
"small","fast-cooling","26","1000","0.8","1000","50","50","100","116","0"
"small","fast-cooling","27","1000","0.8","1000","50","50","100","184","0"
"small","fast-cooling","28","1000","0.8","1000","50","50","100","108","0"
"small","fast-cooling","29","1000","0.8","1000","50","50","100","112","0"
"small","fast-cooling","30","1000","0.8","1000","50","50","100","69","0"
"small","short-search","1","1000","0.95","100","50","50","100","13","0"
"small","short-search","2","1000","0.95","100","50","50","100","15","0"
"small","short-search","3","1000","0.95","100","50","50","100","16","0"
"small","short-search","4","1000","0.95","100","50","50","100","8","0"
"small","short-search","5","1000","0.95","100","50","50","100","12","0"
"small","short-search","6","1000","0.95","100","50","50","100","15","0"
"small","short-search","7","1000","0.95","100","50","50","100","39","0"
"small","short-search","8","1000","0.95","100","50","50","100","12","0"
"small","short-search","9","1000","0.95","100","50","50","100","13","0"
"small","short-search","10","1000","0.95","100","50","50","100","13","0"
"small","short-search","11","1000","0.95","100","50","50","100","13","0"
"small","short-search","12","1000","0.95","100","50","50","100","13","0"
"small","short-search","13","1000","0.95","100","50","50","100","8","0"
"small","short-search","14","1000","0.95","100","50","50","100","9","0"
"small","short-search","15","1000","0.95","100","50","50","100","8","0"
"small","short-search","16","1000","0.95","100","50","50","100","10","80"
"small","short-search","17","1000","0.95","100","50","50","100","5","0"
"small","short-search","18","1000","0.95","100","50","50","100","16","0"
"small","short-search","19","1000","0.95","100","50","50","100","17","0"
"small","short-search","20","1000","0.95","100","50","50","100","11","0"
"small","short-search","21","1000","0.95","100","50","50","100","13","0"
"small","short-search","22","1000","0.95","100","50","50","100","23","0"
"small","short-search","23","1000","0.95","100","50","50","100","9","0"
"small","short-search","24","1000","0.95","100","50","50","100","10","0"
"small","short-search","25","1000","0.95","100","50","50","100","13","0"
"small","short-search","26","1000","0.95","100","50","50","100","31","0"
"small","short-search","27","1000","0.95","100","50","50","100","44","110"
"small","short-search","28","1000","0.95","100","50","50","100","8","30"
"small","short-search","29","1000","0.95","100","50","50","100","32","0"
"small","short-search","30","1000","0.95","100","50","50","100","14","0"
"medium","baseline","1","1000","0.95","1000","100","100","100","240","0"
"medium","baseline","2","1000","0.95","1000","100","100","100","345","0"
"medium","baseline","3","1000","0.95","1000","100","100","100","228","0"
"medium","baseline","4","1000","0.95","1000","100","100","100","598","0"
"medium","baseline","5","1000","0.95","1000","100","100","100","232","0"
"medium","baseline","6","1000","0.95","1000","100","100","100","333","0"
"medium","baseline","7","1000","0.95","1000","100","100","100","265","0"
"medium","baseline","8","1000","0.95","1000","100","100","100","333","0"
"medium","baseline","9","1000","0.95","1000","100","100","100","188","0"
"medium","baseline","10","1000","0.95","1000","100","100","100","190","0"
"medium","baseline","11","1000","0.95","1000","100","100","100","135","0"
"medium","baseline","12","1000","0.95","1000","100","100","100","156","0"
"medium","baseline","13","1000","0.95","1000","100","100","100","227","0"
"medium","baseline","14","1000","0.95","1000","100","100","100","133","0"
"medium","baseline","15","1000","0.95","1000","100","100","100","94","0"
"medium","baseline","16","1000","0.95","1000","100","100","100","98","0"
"medium","baseline","17","1000","0.95","1000","100","100","100","90","0"
"medium","baseline","18","1000","0.95","1000","100","100","100","167","0"
"medium","baseline","19","1000","0.95","1000","100","100","100","424","0"
"medium","baseline","20","1000","0.95","1000","100","100","100","125","0"
"medium","baseline","21","1000","0.95","1000","100","100","100","102","0"
"medium","baseline","22","1000","0.95","1000","100","100","100","100","0"
"medium","baseline","23","1000","0.95","1000","100","100","100","84","0"
"medium","baseline","24","1000","0.95","1000","100","100","100","57","0"
"medium","baseline","25","1000","0.95","1000","100","100","100","57","0"
"medium","baseline","26","1000","0.95","1000","100","100","100","55","0"
"medium","baseline","27","1000","0.95","1000","100","100","100","116","0"
"medium","baseline","28","1000","0.95","1000","100","100","100","65","0"
"medium","baseline","29","1000","0.95","1000","100","100","100","50","0"
"medium","baseline","30","1000","0.95","1000","100","100","100","155","0"
"medium","low-temperature","1","100","0.95","1000","100","100","100","77","0"
"medium","low-temperature","2","100","0.95","1000","100","100","100","73","0"
"medium","low-temperature","3","100","0.95","1000","100","100","100","58","0"
"medium","low-temperature","4","100","0.95","1000","100","100","100","172","0"
"medium","low-temperature","5","100","0.95","1000","100","100","100","78","0"
"medium","low-temperature","6","100","0.95","1000","100","100","100","387","0"
"medium","low-temperature","7","100","0.95","1000","100","100","100","134","0"
"medium","low-temperature","8","100","0.95","1000","100","100","100","102","0"
"medium","low-temperature","9","100","0.95","1000","100","100","100","90","0"
"medium","low-temperature","10","100","0.95","1000","100","100","100","110","0"
"medium","low-temperature","11","100","0.95","1000","100","100","100","332","0"
"medium","low-temperature","12","100","0.95","1000","100","100","100","73","0"
"medium","low-temperature","13","100","0.95","1000","100","100","100","72","0"
"medium","low-temperature","14","100","0.95","1000","100","100","100","67","0"
"medium","low-temperature","15","100","0.95","1000","100","100","100","99","0"
"medium","low-temperature","16","100","0.95","1000","100","100","100","109","0"
"medium","low-temperature","17","100","0.95","1000","100","100","100","313","0"
"medium","low-temperature","18","100","0.95","1000","100","100","100","52","0"
"medium","low-temperature","19","100","0.95","1000","100","100","100","112","0"
"medium","low-temperature","20","100","0.95","1000","100","100","100","144","0"
"medium","low-temperature","21","100","0.95","1000","100","100","100","119","0"
"medium","low-temperature","22","100","0.95","1000","100","100","100","293","0"
"medium","low-temperature","23","100","0.95","1000","100","100","100","151","0"
"medium","low-temperature","24","100","0.95","1000","100","100","100","83","0"
"medium","low-temperature","25","100","0.95","1000","100","100","100","122","0"
"medium","low-temperature","26","100","0.95","1000","100","100","100","272","0"
"medium","low-temperature","27","100","0.95","1000","100","100","100","117","0"
"medium","low-temperature","28","100","0.95","1000","100","100","100","73","0"
"medium","low-temperature","29","100","0.95","1000","100","100","100","65","0"
"medium","low-temperature","30","100","0.95","1000","100","100","100","88","0"
"medium","fast-cooling","1","1000","0.8","1000","100","100","100","401","0"
"medium","fast-cooling","2","1000","0.8","1000","100","100","100","86","0"
"medium","fast-cooling","3","1000","0.8","1000","100","100","100","70","0"
"medium","fast-cooling","4","1000","0.8","1000","100","100","100","143","0"
"medium","fast-cooling","5","1000","0.8","1000","100","100","100","75","0"
"medium","fast-cooling","6","1000","0.8","1000","100","100","100","367","0"
"medium","fast-cooling","7","1000","0.8","1000","100","100","100","72","0"
"medium","fast-cooling","8","1000","0.8","1000","100","100","100","117","0"
"medium","fast-cooling","9","1000","0.8","1000","100","100","100","130","0"
"medium","fast-cooling","10","1000","0.8","1000","100","100","100","99","0"
"medium","fast-cooling","11","1000","0.8","1000","100","100","100","439","0"
"medium","fast-cooling","12","1000","0.8","1000","100","100","100","96","0"
"medium","fast-cooling","13","1000","0.8","1000","100","100","100","78","0"
"medium","fast-cooling","14","1000","0.8","1000","100","100","100","84","0"
"medium","fast-cooling","15","1000","0.8","1000","100","100","100","100","0"
"medium","fast-cooling","16","1000","0.8","1000","100","100","100","453","0"
"medium","fast-cooling","17","1000","0.8","1000","100","100","100","110","0"
"medium","fast-cooling","18","1000","0.8","1000","100","100","100","232","0"
"medium","fast-cooling","19","1000","0.8","1000","100","100","100","150","0"
"medium","fast-cooling","20","1000","0.8","1000","100","100","100","175","0"
"medium","fast-cooling","21","1000","0.8","1000","100","100","100","147","0"
"medium","fast-cooling","22","1000","0.8","1000","100","100","100","137","0"
"medium","fast-cooling","23","1000","0.8","1000","100","100","100","138","0"
"medium","fast-cooling","24","1000","0.8","1000","100","100","100","114","0"
"medium","fast-cooling","25","1000","0.8","1000","100","100","100","98","0"
"medium","fast-cooling","26","1000","0.8","1000","100","100","100","342","0"
"medium","fast-cooling","27","1000","0.8","1000","100","100","100","123","0"
"medium","fast-cooling","28","1000","0.8","1000","100","100","100","90","0"
"medium","fast-cooling","29","1000","0.8","1000","100","100","100","66","0"
"medium","fast-cooling","30","1000","0.8","1000","100","100","100","48","0"
"medium","short-search","1","1000","0.95","100","100","100","100","10","0"
"medium","short-search","2","1000","0.95","100","100","100","100","9","80"
"medium","short-search","3","1000","0.95","100","100","100","100","9","30"
"medium","short-search","4","1000","0.95","100","100","100","100","25","30"
"medium","short-search","5","1000","0.95","100","100","100","100","9","80"
"medium","short-search","6","1000","0.95","100","100","100","100","43","0"
"medium","short-search","7","1000","0.95","100","100","100","100","9","0"
"medium","short-search","8","1000","0.95","100","100","100","100","9","0"
"medium","short-search","9","1000","0.95","100","100","100","100","5","0"
"medium","short-search","10","1000","0.95","100","100","100","100","10","0"
"medium","short-search","11","1000","0.95","100","100","100","100","7","0"
"medium","short-search","12","1000","0.95","100","100","100","100","6","80"
"medium","short-search","13","1000","0.95","100","100","100","100","6","80"
"medium","short-search","14","1000","0.95","100","100","100","100","4","0"
"medium","short-search","15","1000","0.95","100","100","100","100","10","0"
"medium","short-search","16","1000","0.95","100","100","100","100","7","80"
"medium","short-search","17","1000","0.95","100","100","100","100","6","0"
"medium","short-search","18","1000","0.95","100","100","100","100","10","0"
"medium","short-search","19","1000","0.95","100","100","100","100","34","160"
"medium","short-search","20","1000","0.95","100","100","100","100","10","0"
"medium","short-search","21","1000","0.95","100","100","100","100","8","0"
"medium","short-search","22","1000","0.95","100","100","100","100","8","80"
"medium","short-search","23","1000","0.95","100","100","100","100","6","0"
"medium","short-search","24","1000","0.95","100","100","100","100","11","110"
"medium","short-search","25","1000","0.95","100","100","100","100","7","160"
"medium","short-search","26","1000","0.95","100","100","100","100","7","0"
"medium","short-search","27","1000","0.95","100","100","100","100","9","0"
"medium","short-search","28","1000","0.95","100","100","100","100","6","0"
"medium","short-search","29","1000","0.95","100","100","100","100","6","240"
"medium","short-search","30","1000","0.95","100","100","100","100","4","0"
"large","baseline","1","1000","0.95","1000","200","200","100","116","0"
"large","baseline","2","1000","0.95","1000","200","200","100","127","0"
"large","baseline","3","1000","0.95","1000","200","200","100","137","0"
"large","baseline","4","1000","0.95","1000","200","200","100","114","0"
"large","baseline","5","1000","0.95","1000","200","200","100","113","0"
"large","baseline","6","1000","0.95","1000","200","200","100","123","0"
"large","baseline","7","1000","0.95","1000","200","200","100","281","0"
"large","baseline","8","1000","0.95","1000","200","200","100","583","0"
"large","baseline","9","1000","0.95","1000","200","200","100","234","0"
"large","baseline","10","1000","0.95","1000","200","200","100","216","0"
"large","baseline","11","1000","0.95","1000","200","200","100","509","0"
"large","baseline","12","1000","0.95","1000","200","200","100","213","0"
"large","baseline","13","1000","0.95","1000","200","200","100","448","0"
"large","baseline","14","1000","0.95","1000","200","200","100","178","0"
"large","baseline","15","1000","0.95","1000","200","200","100","131","0"
"large","baseline","16","1000","0.95","1000","200","200","100","133","0"
"large","baseline","17","1000","0.95","1000","200","200","100","593","0"
"large","baseline","18","1000","0.95","1000","200","200","100","117","0"
"large","baseline","19","1000","0.95","1000","200","200","100","643","0"
"large","baseline","20","1000","0.95","1000","200","200","100","126","0"
"large","baseline","21","1000","0.95","1000","200","200","100","139","0"
"large","baseline","22","1000","0.95","1000","200","200","100","127","0"
"large","baseline","23","1000","0.95","1000","200","200","100","387","0"
"large","baseline","24","1000","0.95","1000","200","200","100","148","0"
"large","baseline","25","1000","0.95","1000","200","200","100","165","0"
"large","baseline","26","1000","0.95","1000","200","200","100","107","0"
"large","baseline","27","1000","0.95","1000","200","200","100","419","0"
"large","baseline","28","1000","0.95","1000","200","200","100","136","0"
"large","baseline","29","1000","0.95","1000","200","200","100","101","0"
"large","baseline","30","1000","0.95","1000","200","200","100","174","0"
"large","low-temperature","1","100","0.95","1000","200","200","100","517","0"
"large","low-temperature","2","100","0.95","1000","200","200","100","546","0"
"large","low-temperature","3","100","0.95","1000","200","200","100","230","0"
"large","low-temperature","4","100","0.95","1000","200","200","100","237","0"
"large","low-temperature","5","100","0.95","1000","200","200","100","569","0"
"large","low-temperature","6","100","0.95","1000","200","200","100","410","0"
"large","low-temperature","7","100","0.95","1000","200","200","100","316","0"
"large","low-temperature","8","100","0.95","1000","200","200","100","688","0"
"large","low-temperature","9","100","0.95","1000","200","200","100","290","0"
"large","low-temperature","10","100","0.95","1000","200","200","100","688","0"
"large","low-temperature","11","100","0.95","1000","200","200","100","660","0"
"large","low-temperature","12","100","0.95","1000","200","200","100","340","0"
"large","low-temperature","13","100","0.95","1000","200","200","100","517","0"
"large","low-temperature","14","100","0.95","1000","200","200","100","281","0"
"large","low-temperature","15","100","0.95","1000","200","200","100","363","0"
"large","low-temperature","16","100","0.95","1000","200","200","100","275","0"
"large","low-temperature","17","100","0.95","1000","200","200","100","247","0"
"large","low-temperature","18","100","0.95","1000","200","200","100","537","0"
"large","low-temperature","19","100","0.95","1000","200","200","100","182","0"
"large","low-temperature","20","100","0.95","1000","200","200","100","630","0"
"large","low-temperature","21","100","0.95","1000","200","200","100","830","0"
"large","low-temperature","22","100","0.95","1000","200","200","100","139","0"
"large","low-temperature","23","100","0.95","1000","200","200","100","287","0"
"large","low-temperature","24","100","0.95","1000","200","200","100","127","0"
"large","low-temperature","25","100","0.95","1000","200","200","100","152","0"
"large","low-temperature","26","100","0.95","1000","200","200","100","342","0"
"large","low-temperature","27","100","0.95","1000","200","200","100","457","0"
"large","low-temperature","28","100","0.95","1000","200","200","100","274","0"
"large","low-temperature","29","100","0.95","1000","200","200","100","161","0"
"large","low-temperature","30","100","0.95","1000","200","200","100","506","0"
"large","fast-cooling","1","1000","0.8","1000","200","200","100","126","0"
"large","fast-cooling","2","1000","0.8","1000","200","200","100","159","0"
"large","fast-cooling","3","1000","0.8","1000","200","200","100","154","0"
"large","fast-cooling","4","1000","0.8","1000","200","200","100","128","0"
"large","fast-cooling","5","1000","0.8","1000","200","200","100","204","0"
"large","fast-cooling","6","1000","0.8","1000","200","200","100","134","0"
"large","fast-cooling","7","1000","0.8","1000","200","200","100","492","0"
"large","fast-cooling","8","1000","0.8","1000","200","200","100","232","0"
"large","fast-cooling","9","1000","0.8","1000","200","200","100","125","0"
"large","fast-cooling","10","1000","0.8","1000","200","200","100","483","0"
"large","fast-cooling","11","1000","0.8","1000","200","200","100","147","0"
"large","fast-cooling","12","1000","0.8","1000","200","200","100","187","0"
"large","fast-cooling","13","1000","0.8","1000","200","200","100","555","0"
"large","fast-cooling","14","1000","0.8","1000","200","200","100","182","0"
"large","fast-cooling","15","1000","0.8","1000","200","200","100","192","0"
"large","fast-cooling","16","1000","0.8","1000","200","200","100","439","0"
"large","fast-cooling","17","1000","0.8","1000","200","200","100","150","0"
"large","fast-cooling","18","1000","0.8","1000","200","200","100","134","0"
"large","fast-cooling","19","1000","0.8","1000","200","200","100","472","0"
"large","fast-cooling","20","1000","0.8","1000","200","200","100","185","0"
"large","fast-cooling","21","1000","0.8","1000","200","200","100","141","0"
"large","fast-cooling","22","1000","0.8","1000","200","200","100","172","0"
"large","fast-cooling","23","1000","0.8","1000","200","200","100","391","0"
"large","fast-cooling","24","1000","0.8","1000","200","200","100","179","0"
"large","fast-cooling","25","1000","0.8","1000","200","200","100","308","0"
"large","fast-cooling","26","1000","0.8","1000","200","200","100","389","0"
"large","fast-cooling","27","1000","0.8","1000","200","200","100","182","0"
"large","fast-cooling","28","1000","0.8","1000","200","200","100","212","0"
"large","fast-cooling","29","1000","0.8","1000","200","200","100","361","0"
"large","fast-cooling","30","1000","0.8","1000","200","200","100","154","0"
"large","short-search","1","1000","0.95","100","200","200","100","33","80"
"large","short-search","2","1000","0.95","100","200","200","100","32","0"
"large","short-search","3","1000","0.95","100","200","200","100","46","160"
"large","short-search","4","1000","0.95","100","200","200","100","19","480"
"large","short-search","5","1000","0.95","100","200","200","100","29","240"
"large","short-search","6","1000","0.95","100","200","200","100","22","400"
"large","short-search","7","1000","0.95","100","200","200","100","25","270"
"large","short-search","8","1000","0.95","100","200","200","100","70","80"
"large","short-search","9","1000","0.95","100","200","200","100","34","80"
"large","short-search","10","1000","0.95","100","200","200","100","35","160"
"large","short-search","11","1000","0.95","100","200","200","100","20","160"
"large","short-search","12","1000","0.95","100","200","200","100","27","80"
"large","short-search","13","1000","0.95","100","200","200","100","41","80"
"large","short-search","14","1000","0.95","100","200","200","100","25","0"
"large","short-search","15","1000","0.95","100","200","200","100","58","240"
"large","short-search","16","1000","0.95","100","200","200","100","26","0"
"large","short-search","17","1000","0.95","100","200","200","100","26","0"
"large","short-search","18","1000","0.95","100","200","200","100","23","160"
"large","short-search","19","1000","0.95","100","200","200","100","19","240"
"large","short-search","20","1000","0.95","100","200","200","100","33","110"
"large","short-search","21","1000","0.95","100","200","200","100","26","160"
"large","short-search","22","1000","0.95","100","200","200","100","34","270"
"large","short-search","23","1000","0.95","100","200","200","100","23","0"
"large","short-search","24","1000","0.95","100","200","200","100","25","0"
"large","short-search","25","1000","0.95","100","200","200","100","22","270"
"large","short-search","26","1000","0.95","100","200","200","100","34","80"
"large","short-search","27","1000","0.95","100","200","200","100","34","80"
"large","short-search","28","1000","0.95","100","200","200","100","25","240"
"large","short-search","29","1000","0.95","100","200","200","100","23","80"
"large","short-search","30","1000","0.95","100","200","200","100","20","320"
